"base","Concentration"
1,0.3730933333
2,0.3
3,0.615
4,0.6
5,0.457726419755556
