"base","Quantity"
1,6762838.48822151
2,8939844.71423372
3,1364034.73687254
4,69232.4237869003
5,64994049.6368853
