"base","Quantity"
1,57180024.3584299
2,1223001.80512
3,2996258.37732
4,2299473.71357
5,185964611.771018
